--MEMBER DUMMY
CREATE SEQUENCE BB_MEMBER_SEQ
START WITH 21          -- 시퀀스 시작 값
INCREMENT BY 1        -- 1씩 증가
NOCACHE;              -- 캐시 사용 안 함 (필요 시 CACHE 설정 가능)
SELECT BB_MEMBER_SEQ.CURRVAL FROM DUAL;
SELECT MAX(MEMBER_NUM) FROM BB_MEMBER;

ALTER SEQUENCE BB_MEMBER_SEQ INCREMENT BY 1; -- INCREMENT 값을 1로 설정
SELECT BB_MEMBER_SEQ.NEXTVAL FROM DUAL;

ALTER SEQUENCE BB_MEMBER_SEQ INCREMENT BY 100; -- 임시로 100만큼 증가
SELECT BB_MEMBER_SEQ.NEXTVAL FROM DUAL;
-- 다시 INCREMENT 값을 원래대로 설정
ALTER SEQUENCE BB_MEMBER_SEQ INCREMENT BY 1;
INSERT INTO BB_MEMBER (
    MEMBER_NUM, 
    MEMBER_EMAIL, 
    MEMBER_PASSWORD, 
    MEMBER_NAME, 
    MEMBER_NICKNAME, 
    MEMBER_PHONE, 
    MEMBER_PROFILE_WAY, 
    MEMBER_ROLE, 
    MEMBER_HIREDAY
) 
VALUES (
    BB_MEMBER_SEQ.NEXTVAL,          -- 시퀀스 사용하여 MEMBER_NUM 자동 증가
    'admin1234@example.com',            -- 관리자 이메일
    'admin_password',               -- 관리자 비밀번호 (암호화 필요)
    'Admin',                        -- 관리자 이름
    'AdminUser',                    -- 관리자 닉네임
    '010-0000-0000',                -- 관리자 전화번호
    '/path/to/profile/admin.png',    -- 프로필 이미지 경로
    'ADMIN',                        -- 권한: ADMIN
    SYSDATE                         -- 가입일시
);
UPDATE BB_MEMBER
SET MEMBER_PROFILE_WAY = 'bd75cbe9-1fae-44fe-86d3-a8506b67e99e_붕어빵볼펜'  -- 새로운 이미지 경로
WHERE MEMBER_EMAIL = 'admin1234@example.com';              -- 이메일 기준으로 수정

INSERT INTO BB_MEMBER (MEMBER_NUM, MEMBER_EMAIL, MEMBER_PASSWORD, MEMBER_NAME, MEMBER_NICKNAME, MEMBER_PHONE, MEMBER_PROFILE_WAY, MEMBER_ROLE, MEMBER_HIREDAY)
VALUES (1, 'user1@example.com', '1234', 'User One', '작은티모', '010-1234-5678', '/uploads/profile1.png', 'USER', SYSDATE);

INSERT INTO BB_MEMBER (MEMBER_NUM, MEMBER_EMAIL, MEMBER_PASSWORD, MEMBER_NAME, MEMBER_NICKNAME, MEMBER_PHONE, MEMBER_PROFILE_WAY, MEMBER_ROLE, MEMBER_HIREDAY)
VALUES (2, 'user2@example.com', '1234', 'User Two', '박선아', '010-8765-4321', '/uploads/profile2.png', 'USER', SYSDATE);

INSERT INTO BB_MEMBER (MEMBER_NUM, MEMBER_EMAIL, MEMBER_PASSWORD, MEMBER_NAME, MEMBER_NICKNAME, MEMBER_PHONE, MEMBER_PROFILE_WAY, MEMBER_ROLE, MEMBER_HIREDAY)
VALUES (3, 'admin@example.com', '1234', 'Admin', '관리자', '010-0000-1111', '/uploads/admin.png', 'ADMIN', SYSDATE);

INSERT INTO BB_MEMBER (MEMBER_NUM, MEMBER_EMAIL, MEMBER_PASSWORD, MEMBER_NAME, MEMBER_NICKNAME, MEMBER_PHONE, MEMBER_PROFILE_WAY, MEMBER_ROLE, MEMBER_HIREDAY)
VALUES (4, 'oner@example.com', '1234', 'Oner', '이준열', '010-9999-8888', '/uploads/oner.png', 'ONER', SYSDATE);

INSERT INTO BB_MEMBER (MEMBER_NUM, MEMBER_EMAIL, MEMBER_PASSWORD, MEMBER_NAME, MEMBER_NICKNAME, MEMBER_PHONE, MEMBER_PROFILE_WAY, MEMBER_ROLE, MEMBER_HIREDAY)
VALUES (5, 'user3@example.com', '1234', 'User Three', '남상도', '010-3333-4444', '/uploads/profile3.png', 'USER', SYSDATE);

INSERT INTO BB_MEMBER (MEMBER_NUM, MEMBER_EMAIL, MEMBER_PASSWORD, MEMBER_NAME, MEMBER_NICKNAME, MEMBER_PHONE, MEMBER_PROFILE_WAY, MEMBER_ROLE, MEMBER_HIREDAY)
VALUES (6, 'user4@example.com', '1234', 'User Four', '이재형', '010-5555-6666', '/uploads/profile4.png', 'USER', SYSDATE);

INSERT INTO BB_MEMBER (MEMBER_NUM, MEMBER_EMAIL, MEMBER_PASSWORD, MEMBER_NAME, MEMBER_NICKNAME, MEMBER_PHONE, MEMBER_PROFILE_WAY, MEMBER_ROLE, MEMBER_HIREDAY)
VALUES (7, 'user5@example.com', '1234', 'User Five', '김선호', '010-7777-8888', '/uploads/profile5.png', 'USER', SYSDATE);

INSERT INTO BB_MEMBER (MEMBER_NUM, MEMBER_EMAIL, MEMBER_PASSWORD, MEMBER_NAME, MEMBER_NICKNAME, MEMBER_PHONE, MEMBER_PROFILE_WAY, MEMBER_ROLE, MEMBER_HIREDAY)
VALUES (8, 'user6@example.com', '1234', 'User Six', '김무건', '010-9999-0000', '/uploads/profile6.png', 'USER', SYSDATE);

INSERT INTO BB_MEMBER (MEMBER_NUM, MEMBER_EMAIL, MEMBER_PASSWORD, MEMBER_NAME, MEMBER_NICKNAME, MEMBER_PHONE, MEMBER_PROFILE_WAY, MEMBER_ROLE, MEMBER_HIREDAY)
VALUES (9, 'user7@example.com', '1234', 'User Seven', '안제호', '010-1111-2222', '/uploads/profile7.png', 'USER', SYSDATE);

INSERT INTO BB_MEMBER (MEMBER_NUM, MEMBER_EMAIL, MEMBER_PASSWORD, MEMBER_NAME, MEMBER_NICKNAME, MEMBER_PHONE, MEMBER_PROFILE_WAY, MEMBER_ROLE, MEMBER_HIREDAY)
VALUES (10, 'user8@example.com', '1234', 'User Eight', '조충현', '010-3333-4444', '/uploads/profile8.png', 'USER', SYSDATE);

INSERT INTO BB_MEMBER (MEMBER_NUM, MEMBER_EMAIL, MEMBER_PASSWORD, MEMBER_NAME, MEMBER_NICKNAME, MEMBER_PHONE, MEMBER_PROFILE_WAY, MEMBER_ROLE, MEMBER_HIREDAY)
VALUES (11, 'user9@example.com', '1234', 'User Nine', '정재준', '010-5555-6666', '/uploads/profile9.png', 'USER', SYSDATE);

INSERT INTO BB_MEMBER (MEMBER_NUM, MEMBER_EMAIL, MEMBER_PASSWORD, MEMBER_NAME, MEMBER_NICKNAME, MEMBER_PHONE, MEMBER_PROFILE_WAY, MEMBER_ROLE, MEMBER_HIREDAY)
VALUES (12, 'user10@example.com', '1234', 'User Ten', '한지윤', '010-7777-8888', '/uploads/profile10.png', 'USER', SYSDATE);

INSERT INTO BB_MEMBER (MEMBER_NUM, MEMBER_EMAIL, MEMBER_PASSWORD, MEMBER_NAME, MEMBER_NICKNAME, MEMBER_PHONE, MEMBER_PROFILE_WAY, MEMBER_ROLE, MEMBER_HIREDAY)
VALUES (13, 'user11@example.com', '1234', 'User Eleven', '정재희', '010-9999-0000', '/uploads/profile11.png', 'USER', SYSDATE);

INSERT INTO BB_MEMBER (MEMBER_NUM, MEMBER_EMAIL, MEMBER_PASSWORD, MEMBER_NAME, MEMBER_NICKNAME, MEMBER_PHONE, MEMBER_PROFILE_WAY, MEMBER_ROLE, MEMBER_HIREDAY)
VALUES (14, 'user12@example.com', '1234', 'User Twelve', '고미진', '010-0000-0102', '/uploads/profile12.png', 'USER', SYSDATE);

--CATEGORY DUMMY
INSERT INTO BB_BOARD_CATEGORY (CATEGORY_NUM, CATEGORY_NAME) 
VALUES (1, 'normal');
INSERT INTO BB_BOARD_CATEGORY (CATEGORY_NUM, CATEGORY_NAME) 
VALUES (2, 'request');


--STORE DUMMY
INSERT INTO BB_STORE(STORE_NUM, STORE_NAME, STORE_ADDRESS, STORE_ADDRESS_DETAIL, STORE_CONTACT) 
VALUES ((SELECT NVL(MAX(STORE_NUM)+1,1) FROM BB_STORE), '1고미진네붕어빵' , '서울 강남구 테헤란로35길25', '1층', '010-3256-2383');
INSERT INTO BB_STORE(STORE_NUM, STORE_NAME, STORE_ADDRESS, STORE_ADDRESS_DETAIL, STORE_CONTACT) 
VALUES ((SELECT NVL(MAX(STORE_NUM)+1,1) FROM BB_STORE), '2한지윤네붕어빵' , '서울 강남구 테헤란로146', '본관 앞','010-3760-9870');
INSERT INTO BB_STORE(STORE_NUM, STORE_NAME, STORE_ADDRESS, STORE_ADDRESS_DETAIL, STORE_CONTACT) 
VALUES ((SELECT NVL(MAX(STORE_NUM)+1,1) FROM BB_STORE), '3안제호네붕어빵' , '서울 강남구 테헤란로26길', '1층', '010-2733-1425');
INSERT INTO BB_STORE(STORE_NUM, STORE_NAME, STORE_ADDRESS, STORE_ADDRESS_DETAIL, STORE_CONTACT) 
VALUES ((SELECT NVL(MAX(STORE_NUM)+1,1) FROM BB_STORE), '4정재희네붕어빵' , '서울 강남구 테헤란로23길', '00가게 앞', '010-1234-4567');
INSERT INTO BB_STORE(STORE_NUM, STORE_NAME, STORE_ADDRESS, STORE_ADDRESS_DETAIL, STORE_CONTACT) 
VALUES ((SELECT NVL(MAX(STORE_NUM)+1,1) FROM BB_STORE), '5정재준네붕어빵' , '서울 강남구 테헤란로144', '00건물 옆','010-1234-2222');
INSERT INTO BB_STORE(STORE_NUM, STORE_NAME, STORE_ADDRESS, STORE_ADDRESS_DETAIL, STORE_CONTACT) 
VALUES ((SELECT NVL(MAX(STORE_NUM)+1,1) FROM BB_STORE), '6조충현네붕어빵' , '서울 강남구 테헤란로15길', '1층', '010-2735-2422');

INSERT INTO BB_STORE(STORE_NUM, STORE_NAME, STORE_ADDRESS, STORE_ADDRESS_DETAIL, STORE_CONTACT) 
VALUES ((SELECT NVL(MAX(STORE_NUM)+1,1) FROM BB_STORE), '7빵가링' , '서울 강남구 테헤란로26길12', '별관 앞', '010-2733-0283');
INSERT INTO BB_STORE(STORE_NUM, STORE_NAME, STORE_ADDRESS, STORE_ADDRESS_DETAIL, STORE_CONTACT) 
VALUES ((SELECT NVL(MAX(STORE_NUM)+1,1) FROM BB_STORE), '8우리빵' , '서울 강남구 테헤란로146', '본관 앞','010-3827-3333');
INSERT INTO BB_STORE(STORE_NUM, STORE_NAME, STORE_ADDRESS, STORE_ADDRESS_DETAIL, STORE_CONTACT) 
VALUES ((SELECT NVL(MAX(STORE_NUM)+1,1) FROM BB_STORE), '9아리네붕어빵' , '서울 강남구 테헤란로26길', '1층', '02-111-3333');
INSERT INTO BB_STORE(STORE_NUM, STORE_NAME, STORE_ADDRESS, STORE_ADDRESS_DETAIL, STORE_CONTACT) 
VALUES ((SELECT NVL(MAX(STORE_NUM)+1,1) FROM BB_STORE), '10붕어빵' , '서울 강남구 테헤란로23길', '00가게 앞', '02-1234-4567');
INSERT INTO BB_STORE(STORE_NUM, STORE_NAME, STORE_ADDRESS, STORE_ADDRESS_DETAIL, STORE_CONTACT) 
VALUES ((SELECT NVL(MAX(STORE_NUM)+1,1) FROM BB_STORE), '11붕어빵' , '서울 강남구 테헤란로144', '00건물 옆','010-1234-2222');
INSERT INTO BB_STORE(STORE_NUM, STORE_NAME, STORE_ADDRESS, STORE_ADDRESS_DETAIL, STORE_CONTACT) 
VALUES ((SELECT NVL(MAX(STORE_NUM)+1,1) FROM BB_STORE), '12붕어빵' , '서울 강남구 테헤란로20길', '1층', '010-3333-3333');

INSERT INTO BB_STORE(STORE_NUM, STORE_NAME, STORE_ADDRESS, STORE_ADDRESS_DETAIL, STORE_CONTACT) 
VALUES ((SELECT NVL(MAX(STORE_NUM)+1,1) FROM BB_STORE), '13집빵' , '서울 강남구 테헤란로26길12', '별관 앞', '010-2733-0283');
INSERT INTO BB_STORE(STORE_NUM, STORE_NAME, STORE_ADDRESS, STORE_ADDRESS_DETAIL, STORE_CONTACT) 
VALUES ((SELECT NVL(MAX(STORE_NUM)+1,1) FROM BB_STORE), '14집근처붕어빵' , '서울 강남구 테헤란로146', '본관 앞','010-3827-3333');
INSERT INTO BB_STORE(STORE_NUM, STORE_NAME, STORE_ADDRESS, STORE_ADDRESS_DETAIL, STORE_CONTACT) 
VALUES ((SELECT NVL(MAX(STORE_NUM)+1,1) FROM BB_STORE), '15붕어팟' , '서울 강남구 테헤란로26길', '1층', '02-111-3333');
INSERT INTO BB_STORE(STORE_NUM, STORE_NAME, STORE_ADDRESS, STORE_ADDRESS_DETAIL, STORE_CONTACT) 
VALUES ((SELECT NVL(MAX(STORE_NUM)+1,1) FROM BB_STORE), '16붕어빵클래스' , '서울 강남구 테헤란로23길', '00가게 앞', '02-1234-4567');
INSERT INTO BB_STORE(STORE_NUM, STORE_NAME, STORE_ADDRESS, STORE_ADDRESS_DETAIL, STORE_CONTACT) 
VALUES ((SELECT NVL(MAX(STORE_NUM)+1,1) FROM BB_STORE), '17붕어젝트' , '서울 강남구 테헤란로144', '00건물 옆','010-1234-2222');
INSERT INTO BB_STORE(STORE_NUM, STORE_NAME, STORE_ADDRESS, STORE_ADDRESS_DETAIL, STORE_CONTACT) 
VALUES ((SELECT NVL(MAX(STORE_NUM)+1,1) FROM BB_STORE), '18먹붕어' , '서울 강남구 테헤란로20길', '1층', '010-3333-3333');


INSERT INTO BB_STORE(STORE_NUM, STORE_NAME, STORE_ADDRESS, STORE_ADDRESS_DETAIL, STORE_CONTACT) 
VALUES ((SELECT NVL(MAX(STORE_NUM)+1,1) FROM BB_STORE), '19여기있붕' , '서울 강남구 테헤란로26길12', '별관 앞', '010-2733-0283');
INSERT INTO BB_STORE(STORE_NUM, STORE_NAME, STORE_ADDRESS, STORE_ADDRESS_DETAIL, STORE_CONTACT) 
VALUES ((SELECT NVL(MAX(STORE_NUM)+1,1) FROM BB_STORE), '20붕푸라기' , '서울 강남구 테헤란로146', '본관 앞','010-3827-3333');
INSERT INTO BB_STORE(STORE_NUM, STORE_NAME, STORE_ADDRESS, STORE_ADDRESS_DETAIL, STORE_CONTACT) 
VALUES ((SELECT NVL(MAX(STORE_NUM)+1,1) FROM BB_STORE), '21붕어빵어디야' , '서울 강남구 테헤란로26길', '1층', '02-111-3333');
INSERT INTO BB_STORE(STORE_NUM, STORE_NAME, STORE_ADDRESS, STORE_ADDRESS_DETAIL, STORE_CONTACT) 
VALUES ((SELECT NVL(MAX(STORE_NUM)+1,1) FROM BB_STORE), '22붕어빵로드맵' , '서울 강남구 테헤란로23길', '00가게 앞', '02-1234-4567');
INSERT INTO BB_STORE(STORE_NUM, STORE_NAME, STORE_ADDRESS, STORE_ADDRESS_DETAIL, STORE_CONTACT) 
VALUES ((SELECT NVL(MAX(STORE_NUM)+1,1) FROM BB_STORE), '23붕어빵산만리' , '서울 강남구 테헤란로144', '00건물 옆','010-1234-2222');
INSERT INTO BB_STORE(STORE_NUM, STORE_NAME, STORE_ADDRESS, STORE_ADDRESS_DETAIL, STORE_CONTACT) 
VALUES ((SELECT NVL(MAX(STORE_NUM)+1,1) FROM BB_STORE), '24바삭바삭' , '서울 강남구 테헤란로20길', '1층', '010-3333-3333');

--STORE_MENU
INSERT INTO BB_STORE_MENU(STORE_MENU_NUM, STORE_NUM, STORE_MENU_NOMAL, STORE_MENU_VEG, STORE_MENU_MINI, STORE_MENU_POTATO, STORE_MENU_ICE, STORE_MENU_CHEESE, STORE_MENU_PASTRY, STORE_MENU_OTHER) 
VALUES ((SELECT NVL(MAX(STORE_MENU_NUM)+1,1) FROM BB_STORE_MENU), 1, 'Y', 'N', 'Y', 'N', 'Y', 'N', 'Y', 'N');
INSERT INTO BB_STORE_MENU(STORE_MENU_NUM, STORE_NUM, STORE_MENU_NOMAL, STORE_MENU_VEG, STORE_MENU_MINI, STORE_MENU_POTATO, STORE_MENU_ICE, STORE_MENU_CHEESE, STORE_MENU_PASTRY, STORE_MENU_OTHER) 
VALUES ((SELECT NVL(MAX(STORE_MENU_NUM)+1,1) FROM BB_STORE_MENU), 2, 'Y', 'Y', 'Y', 'Y', 'N', 'N', 'N', 'N');
INSERT INTO BB_STORE_MENU(STORE_MENU_NUM, STORE_NUM, STORE_MENU_NOMAL, STORE_MENU_VEG, STORE_MENU_MINI, STORE_MENU_POTATO, STORE_MENU_ICE, STORE_MENU_CHEESE, STORE_MENU_PASTRY, STORE_MENU_OTHER) 
VALUES ((SELECT NVL(MAX(STORE_MENU_NUM)+1,1) FROM BB_STORE_MENU), 3, 'N', 'N', 'Y', 'Y', 'Y', 'Y', 'Y', 'Y');
INSERT INTO BB_STORE_MENU(STORE_MENU_NUM, STORE_NUM, STORE_MENU_NOMAL, STORE_MENU_VEG, STORE_MENU_MINI, STORE_MENU_POTATO, STORE_MENU_ICE, STORE_MENU_CHEESE, STORE_MENU_PASTRY, STORE_MENU_OTHER) 
VALUES ((SELECT NVL(MAX(STORE_MENU_NUM)+1,1) FROM BB_STORE_MENU), 4, 'Y', 'N', 'Y', 'N', 'Y', 'N', 'Y', 'N');
INSERT INTO BB_STORE_MENU(STORE_MENU_NUM, STORE_NUM, STORE_MENU_NOMAL, STORE_MENU_VEG, STORE_MENU_MINI, STORE_MENU_POTATO, STORE_MENU_ICE, STORE_MENU_CHEESE, STORE_MENU_PASTRY, STORE_MENU_OTHER) 
VALUES ((SELECT NVL(MAX(STORE_MENU_NUM)+1,1) FROM BB_STORE_MENU), 5, 'Y', 'Y', 'Y', 'Y', 'N', 'N', 'N', 'N');
INSERT INTO BB_STORE_MENU(STORE_MENU_NUM, STORE_NUM, STORE_MENU_NOMAL, STORE_MENU_VEG, STORE_MENU_MINI, STORE_MENU_POTATO, STORE_MENU_ICE, STORE_MENU_CHEESE, STORE_MENU_PASTRY, STORE_MENU_OTHER) 
VALUES ((SELECT NVL(MAX(STORE_MENU_NUM)+1,1) FROM BB_STORE_MENU), 6, 'N', 'N', 'N', 'N', 'N', 'N', 'N', 'Y');
INSERT INTO BB_STORE_MENU(STORE_MENU_NUM, STORE_NUM, STORE_MENU_NOMAL, STORE_MENU_VEG, STORE_MENU_MINI, STORE_MENU_POTATO, STORE_MENU_ICE, STORE_MENU_CHEESE, STORE_MENU_PASTRY, STORE_MENU_OTHER) 
VALUES ((SELECT NVL(MAX(STORE_MENU_NUM)+1,1) FROM BB_STORE_MENU), 7, 'Y', 'Y', 'Y', 'N', 'Y', 'Y', 'Y', 'Y');
INSERT INTO BB_STORE_MENU(STORE_MENU_NUM, STORE_NUM, STORE_MENU_NOMAL, STORE_MENU_VEG, STORE_MENU_MINI, STORE_MENU_POTATO, STORE_MENU_ICE, STORE_MENU_CHEESE, STORE_MENU_PASTRY, STORE_MENU_OTHER) 
VALUES ((SELECT NVL(MAX(STORE_MENU_NUM)+1,1) FROM BB_STORE_MENU), 8, 'Y', 'Y', 'Y', 'Y', 'N', 'N', 'N', 'N');
INSERT INTO BB_STORE_MENU(STORE_MENU_NUM, STORE_NUM, STORE_MENU_NOMAL, STORE_MENU_VEG, STORE_MENU_MINI, STORE_MENU_POTATO, STORE_MENU_ICE, STORE_MENU_CHEESE, STORE_MENU_PASTRY, STORE_MENU_OTHER) 
VALUES ((SELECT NVL(MAX(STORE_MENU_NUM)+1,1) FROM BB_STORE_MENU), 9, 'N', 'N', 'Y', 'Y', 'Y', 'Y', 'Y', 'Y');
INSERT INTO BB_STORE_MENU(STORE_MENU_NUM, STORE_NUM, STORE_MENU_NOMAL, STORE_MENU_VEG, STORE_MENU_MINI, STORE_MENU_POTATO, STORE_MENU_ICE, STORE_MENU_CHEESE, STORE_MENU_PASTRY, STORE_MENU_OTHER) 
VALUES ((SELECT NVL(MAX(STORE_MENU_NUM)+1,1) FROM BB_STORE_MENU), 10, 'Y', 'N', 'Y', 'N', 'Y', 'N', 'Y', 'N');
INSERT INTO BB_STORE_MENU(STORE_MENU_NUM, STORE_NUM, STORE_MENU_NOMAL, STORE_MENU_VEG, STORE_MENU_MINI, STORE_MENU_POTATO, STORE_MENU_ICE, STORE_MENU_CHEESE, STORE_MENU_PASTRY, STORE_MENU_OTHER) 
VALUES ((SELECT NVL(MAX(STORE_MENU_NUM)+1,1) FROM BB_STORE_MENU), 11, 'Y', 'Y', 'Y', 'Y', 'N', 'N', 'N', 'N');
INSERT INTO BB_STORE_MENU(STORE_MENU_NUM, STORE_NUM, STORE_MENU_NOMAL, STORE_MENU_VEG, STORE_MENU_MINI, STORE_MENU_POTATO, STORE_MENU_ICE, STORE_MENU_CHEESE, STORE_MENU_PASTRY, STORE_MENU_OTHER) 
VALUES ((SELECT NVL(MAX(STORE_MENU_NUM)+1,1) FROM BB_STORE_MENU), 12, 'Y', 'Y', 'Y', 'Y', 'Y', 'Y', 'Y', 'Y');
INSERT INTO BB_STORE_MENU(STORE_MENU_NUM, STORE_NUM, STORE_MENU_NOMAL, STORE_MENU_VEG, STORE_MENU_MINI, STORE_MENU_POTATO, STORE_MENU_ICE, STORE_MENU_CHEESE, STORE_MENU_PASTRY, STORE_MENU_OTHER) 
VALUES ((SELECT NVL(MAX(STORE_MENU_NUM)+1,1) FROM BB_STORE_MENU), 13, 'Y', 'Y', 'Y', 'Y', 'N', 'N', 'N', 'N');
INSERT INTO BB_STORE_MENU(STORE_MENU_NUM, STORE_NUM, STORE_MENU_NOMAL, STORE_MENU_VEG, STORE_MENU_MINI, STORE_MENU_POTATO, STORE_MENU_ICE, STORE_MENU_CHEESE, STORE_MENU_PASTRY, STORE_MENU_OTHER) 
VALUES ((SELECT NVL(MAX(STORE_MENU_NUM)+1,1) FROM BB_STORE_MENU), 14, 'Y', 'Y', 'Y', 'Y', 'N', 'N', 'N', 'N');
INSERT INTO BB_STORE_MENU(STORE_MENU_NUM, STORE_NUM, STORE_MENU_NOMAL, STORE_MENU_VEG, STORE_MENU_MINI, STORE_MENU_POTATO, STORE_MENU_ICE, STORE_MENU_CHEESE, STORE_MENU_PASTRY, STORE_MENU_OTHER) 
VALUES ((SELECT NVL(MAX(STORE_MENU_NUM)+1,1) FROM BB_STORE_MENU), 15, 'N', 'N', 'Y', 'Y', 'Y', 'Y', 'Y', 'Y');
INSERT INTO BB_STORE_MENU(STORE_MENU_NUM, STORE_NUM, STORE_MENU_NOMAL, STORE_MENU_VEG, STORE_MENU_MINI, STORE_MENU_POTATO, STORE_MENU_ICE, STORE_MENU_CHEESE, STORE_MENU_PASTRY, STORE_MENU_OTHER) 
VALUES ((SELECT NVL(MAX(STORE_MENU_NUM)+1,1) FROM BB_STORE_MENU), 16, 'Y', 'N', 'Y', 'N', 'Y', 'N', 'Y', 'N');
INSERT INTO BB_STORE_MENU(STORE_MENU_NUM, STORE_NUM, STORE_MENU_NOMAL, STORE_MENU_VEG, STORE_MENU_MINI, STORE_MENU_POTATO, STORE_MENU_ICE, STORE_MENU_CHEESE, STORE_MENU_PASTRY, STORE_MENU_OTHER) 
VALUES ((SELECT NVL(MAX(STORE_MENU_NUM)+1,1) FROM BB_STORE_MENU), 17, 'Y', 'Y', 'Y', 'Y', 'N', 'N', 'N', 'N');
INSERT INTO BB_STORE_MENU(STORE_MENU_NUM, STORE_NUM, STORE_MENU_NOMAL, STORE_MENU_VEG, STORE_MENU_MINI, STORE_MENU_POTATO, STORE_MENU_ICE, STORE_MENU_CHEESE, STORE_MENU_PASTRY, STORE_MENU_OTHER) 
VALUES ((SELECT NVL(MAX(STORE_MENU_NUM)+1,1) FROM BB_STORE_MENU), 18, 'N', 'N', 'N', 'N', 'N', 'N', 'N', 'Y');
INSERT INTO BB_STORE_MENU(STORE_MENU_NUM, STORE_NUM, STORE_MENU_NOMAL, STORE_MENU_VEG, STORE_MENU_MINI, STORE_MENU_POTATO, STORE_MENU_ICE, STORE_MENU_CHEESE, STORE_MENU_PASTRY, STORE_MENU_OTHER) 
VALUES ((SELECT NVL(MAX(STORE_MENU_NUM)+1,1) FROM BB_STORE_MENU), 19, 'Y', 'Y', 'Y', 'N', 'Y', 'Y', 'Y', 'Y');
INSERT INTO BB_STORE_MENU(STORE_MENU_NUM, STORE_NUM, STORE_MENU_NOMAL, STORE_MENU_VEG, STORE_MENU_MINI, STORE_MENU_POTATO, STORE_MENU_ICE, STORE_MENU_CHEESE, STORE_MENU_PASTRY, STORE_MENU_OTHER) 
VALUES ((SELECT NVL(MAX(STORE_MENU_NUM)+1,1) FROM BB_STORE_MENU), 20, 'Y', 'Y', 'Y', 'Y', 'N', 'N', 'N', 'N');
INSERT INTO BB_STORE_MENU(STORE_MENU_NUM, STORE_NUM, STORE_MENU_NOMAL, STORE_MENU_VEG, STORE_MENU_MINI, STORE_MENU_POTATO, STORE_MENU_ICE, STORE_MENU_CHEESE, STORE_MENU_PASTRY, STORE_MENU_OTHER) 
VALUES ((SELECT NVL(MAX(STORE_MENU_NUM)+1,1) FROM BB_STORE_MENU), 21, 'N', 'N', 'Y', 'Y', 'Y', 'Y', 'Y', 'Y');
INSERT INTO BB_STORE_MENU(STORE_MENU_NUM, STORE_NUM, STORE_MENU_NOMAL, STORE_MENU_VEG, STORE_MENU_MINI, STORE_MENU_POTATO, STORE_MENU_ICE, STORE_MENU_CHEESE, STORE_MENU_PASTRY, STORE_MENU_OTHER) 
VALUES ((SELECT NVL(MAX(STORE_MENU_NUM)+1,1) FROM BB_STORE_MENU), 22, 'Y', 'N', 'Y', 'N', 'Y', 'N', 'Y', 'N');
INSERT INTO BB_STORE_MENU(STORE_MENU_NUM, STORE_NUM, STORE_MENU_NOMAL, STORE_MENU_VEG, STORE_MENU_MINI, STORE_MENU_POTATO, STORE_MENU_ICE, STORE_MENU_CHEESE, STORE_MENU_PASTRY, STORE_MENU_OTHER) 
VALUES ((SELECT NVL(MAX(STORE_MENU_NUM)+1,1) FROM BB_STORE_MENU), 23, 'Y', 'Y', 'Y', 'Y', 'N', 'N', 'N', 'N');
INSERT INTO BB_STORE_MENU(STORE_MENU_NUM, STORE_NUM, STORE_MENU_NOMAL, STORE_MENU_VEG, STORE_MENU_MINI, STORE_MENU_POTATO, STORE_MENU_ICE, STORE_MENU_CHEESE, STORE_MENU_PASTRY, STORE_MENU_OTHER) 
VALUES ((SELECT NVL(MAX(STORE_MENU_NUM)+1,1) FROM BB_STORE_MENU), 24, 'Y', 'Y', 'Y', 'Y', 'Y', 'Y', 'Y', 'Y');

--STORE_PAYMENT
INSERT INTO BB_STORE_MENU(STORE_MENU_NUM, STORE_NUM, STORE_MENU_NOMAL, STORE_MENU_VEG, STORE_MENU_MINI, STORE_MENU_POTATO, STORE_MENU_ICE, STORE_MENU_CHEESE, STORE_MENU_PASTRY, STORE_MENU_OTHER) 
VALUES ((SELECT NVL(MAX(STORE_MENU_NUM)+1,1) FROM BB_STORE_MENU), 1, 'Y', 'N', 'Y', 'N', 'Y', 'N', 'Y', 'N');
INSERT INTO BB_STORE_MENU(STORE_MENU_NUM, STORE_NUM, STORE_MENU_NOMAL, STORE_MENU_VEG, STORE_MENU_MINI, STORE_MENU_POTATO, STORE_MENU_ICE, STORE_MENU_CHEESE, STORE_MENU_PASTRY, STORE_MENU_OTHER) 
VALUES ((SELECT NVL(MAX(STORE_MENU_NUM)+1,1) FROM BB_STORE_MENU), 2, 'Y', 'Y', 'Y', 'Y', 'N', 'N', 'N', 'N');
INSERT INTO BB_STORE_MENU(STORE_MENU_NUM, STORE_NUM, STORE_MENU_NOMAL, STORE_MENU_VEG, STORE_MENU_MINI, STORE_MENU_POTATO, STORE_MENU_ICE, STORE_MENU_CHEESE, STORE_MENU_PASTRY, STORE_MENU_OTHER) 
VALUES ((SELECT NVL(MAX(STORE_MENU_NUM)+1,1) FROM BB_STORE_MENU), 3, 'N', 'N', 'Y', 'Y', 'Y', 'Y', 'Y', 'Y');
INSERT INTO BB_STORE_MENU(STORE_MENU_NUM, STORE_NUM, STORE_MENU_NOMAL, STORE_MENU_VEG, STORE_MENU_MINI, STORE_MENU_POTATO, STORE_MENU_ICE, STORE_MENU_CHEESE, STORE_MENU_PASTRY, STORE_MENU_OTHER) 
VALUES ((SELECT NVL(MAX(STORE_MENU_NUM)+1,1) FROM BB_STORE_MENU), 4, 'Y', 'N', 'Y', 'N', 'Y', 'N', 'Y', 'N');
INSERT INTO BB_STORE_MENU(STORE_MENU_NUM, STORE_NUM, STORE_MENU_NOMAL, STORE_MENU_VEG, STORE_MENU_MINI, STORE_MENU_POTATO, STORE_MENU_ICE, STORE_MENU_CHEESE, STORE_MENU_PASTRY, STORE_MENU_OTHER) 
VALUES ((SELECT NVL(MAX(STORE_MENU_NUM)+1,1) FROM BB_STORE_MENU), 5, 'Y', 'Y', 'Y', 'Y', 'N', 'N', 'N', 'N');
INSERT INTO BB_STORE_MENU(STORE_MENU_NUM, STORE_NUM, STORE_MENU_NOMAL, STORE_MENU_VEG, STORE_MENU_MINI, STORE_MENU_POTATO, STORE_MENU_ICE, STORE_MENU_CHEESE, STORE_MENU_PASTRY, STORE_MENU_OTHER) 
VALUES ((SELECT NVL(MAX(STORE_MENU_NUM)+1,1) FROM BB_STORE_MENU), 6, 'N', 'N', 'N', 'N', 'N', 'N', 'N', 'Y');
INSERT INTO BB_STORE_MENU(STORE_MENU_NUM, STORE_NUM, STORE_MENU_NOMAL, STORE_MENU_VEG, STORE_MENU_MINI, STORE_MENU_POTATO, STORE_MENU_ICE, STORE_MENU_CHEESE, STORE_MENU_PASTRY, STORE_MENU_OTHER) 
VALUES ((SELECT NVL(MAX(STORE_MENU_NUM)+1,1) FROM BB_STORE_MENU), 7, 'Y', 'Y', 'Y', 'N', 'Y', 'Y', 'Y', 'Y');
INSERT INTO BB_STORE_MENU(STORE_MENU_NUM, STORE_NUM, STORE_MENU_NOMAL, STORE_MENU_VEG, STORE_MENU_MINI, STORE_MENU_POTATO, STORE_MENU_ICE, STORE_MENU_CHEESE, STORE_MENU_PASTRY, STORE_MENU_OTHER) 
VALUES ((SELECT NVL(MAX(STORE_MENU_NUM)+1,1) FROM BB_STORE_MENU), 8, 'Y', 'Y', 'Y', 'Y', 'N', 'N', 'N', 'N');
INSERT INTO BB_STORE_MENU(STORE_MENU_NUM, STORE_NUM, STORE_MENU_NOMAL, STORE_MENU_VEG, STORE_MENU_MINI, STORE_MENU_POTATO, STORE_MENU_ICE, STORE_MENU_CHEESE, STORE_MENU_PASTRY, STORE_MENU_OTHER) 
VALUES ((SELECT NVL(MAX(STORE_MENU_NUM)+1,1) FROM BB_STORE_MENU), 9, 'N', 'N', 'Y', 'Y', 'Y', 'Y', 'Y', 'Y');
INSERT INTO BB_STORE_MENU(STORE_MENU_NUM, STORE_NUM, STORE_MENU_NOMAL, STORE_MENU_VEG, STORE_MENU_MINI, STORE_MENU_POTATO, STORE_MENU_ICE, STORE_MENU_CHEESE, STORE_MENU_PASTRY, STORE_MENU_OTHER) 
VALUES ((SELECT NVL(MAX(STORE_MENU_NUM)+1,1) FROM BB_STORE_MENU), 10, 'Y', 'N', 'Y', 'N', 'Y', 'N', 'Y', 'N');
INSERT INTO BB_STORE_MENU(STORE_MENU_NUM, STORE_NUM, STORE_MENU_NOMAL, STORE_MENU_VEG, STORE_MENU_MINI, STORE_MENU_POTATO, STORE_MENU_ICE, STORE_MENU_CHEESE, STORE_MENU_PASTRY, STORE_MENU_OTHER) 
VALUES ((SELECT NVL(MAX(STORE_MENU_NUM)+1,1) FROM BB_STORE_MENU), 11, 'Y', 'Y', 'Y', 'Y', 'N', 'N', 'N', 'N');
INSERT INTO BB_STORE_MENU(STORE_MENU_NUM, STORE_NUM, STORE_MENU_NOMAL, STORE_MENU_VEG, STORE_MENU_MINI, STORE_MENU_POTATO, STORE_MENU_ICE, STORE_MENU_CHEESE, STORE_MENU_PASTRY, STORE_MENU_OTHER) 
VALUES ((SELECT NVL(MAX(STORE_MENU_NUM)+1,1) FROM BB_STORE_MENU), 12, 'Y', 'Y', 'Y', 'Y', 'Y', 'Y', 'Y', 'Y');
INSERT INTO BB_STORE_MENU(STORE_MENU_NUM, STORE_NUM, STORE_MENU_NOMAL, STORE_MENU_VEG, STORE_MENU_MINI, STORE_MENU_POTATO, STORE_MENU_ICE, STORE_MENU_CHEESE, STORE_MENU_PASTRY, STORE_MENU_OTHER) 
VALUES ((SELECT NVL(MAX(STORE_MENU_NUM)+1,1) FROM BB_STORE_MENU), 13, 'Y', 'Y', 'Y', 'Y', 'N', 'N', 'N', 'N');
INSERT INTO BB_STORE_MENU(STORE_MENU_NUM, STORE_NUM, STORE_MENU_NOMAL, STORE_MENU_VEG, STORE_MENU_MINI, STORE_MENU_POTATO, STORE_MENU_ICE, STORE_MENU_CHEESE, STORE_MENU_PASTRY, STORE_MENU_OTHER) 
VALUES ((SELECT NVL(MAX(STORE_MENU_NUM)+1,1) FROM BB_STORE_MENU), 14, 'Y', 'Y', 'Y', 'Y', 'N', 'N', 'N', 'N');
INSERT INTO BB_STORE_MENU(STORE_MENU_NUM, STORE_NUM, STORE_MENU_NOMAL, STORE_MENU_VEG, STORE_MENU_MINI, STORE_MENU_POTATO, STORE_MENU_ICE, STORE_MENU_CHEESE, STORE_MENU_PASTRY, STORE_MENU_OTHER) 
VALUES ((SELECT NVL(MAX(STORE_MENU_NUM)+1,1) FROM BB_STORE_MENU), 15, 'N', 'N', 'Y', 'Y', 'Y', 'Y', 'Y', 'Y');
INSERT INTO BB_STORE_MENU(STORE_MENU_NUM, STORE_NUM, STORE_MENU_NOMAL, STORE_MENU_VEG, STORE_MENU_MINI, STORE_MENU_POTATO, STORE_MENU_ICE, STORE_MENU_CHEESE, STORE_MENU_PASTRY, STORE_MENU_OTHER) 
VALUES ((SELECT NVL(MAX(STORE_MENU_NUM)+1,1) FROM BB_STORE_MENU), 16, 'Y', 'N', 'Y', 'N', 'Y', 'N', 'Y', 'N');
INSERT INTO BB_STORE_MENU(STORE_MENU_NUM, STORE_NUM, STORE_MENU_NOMAL, STORE_MENU_VEG, STORE_MENU_MINI, STORE_MENU_POTATO, STORE_MENU_ICE, STORE_MENU_CHEESE, STORE_MENU_PASTRY, STORE_MENU_OTHER) 
VALUES ((SELECT NVL(MAX(STORE_MENU_NUM)+1,1) FROM BB_STORE_MENU), 17, 'Y', 'Y', 'Y', 'Y', 'N', 'N', 'N', 'N');
INSERT INTO BB_STORE_MENU(STORE_MENU_NUM, STORE_NUM, STORE_MENU_NOMAL, STORE_MENU_VEG, STORE_MENU_MINI, STORE_MENU_POTATO, STORE_MENU_ICE, STORE_MENU_CHEESE, STORE_MENU_PASTRY, STORE_MENU_OTHER) 
VALUES ((SELECT NVL(MAX(STORE_MENU_NUM)+1,1) FROM BB_STORE_MENU), 18, 'N', 'N', 'N', 'N', 'N', 'N', 'N', 'Y');
INSERT INTO BB_STORE_MENU(STORE_MENU_NUM, STORE_NUM, STORE_MENU_NOMAL, STORE_MENU_VEG, STORE_MENU_MINI, STORE_MENU_POTATO, STORE_MENU_ICE, STORE_MENU_CHEESE, STORE_MENU_PASTRY, STORE_MENU_OTHER) 
VALUES ((SELECT NVL(MAX(STORE_MENU_NUM)+1,1) FROM BB_STORE_MENU), 19, 'Y', 'Y', 'Y', 'N', 'Y', 'Y', 'Y', 'Y');
INSERT INTO BB_STORE_MENU(STORE_MENU_NUM, STORE_NUM, STORE_MENU_NOMAL, STORE_MENU_VEG, STORE_MENU_MINI, STORE_MENU_POTATO, STORE_MENU_ICE, STORE_MENU_CHEESE, STORE_MENU_PASTRY, STORE_MENU_OTHER) 
VALUES ((SELECT NVL(MAX(STORE_MENU_NUM)+1,1) FROM BB_STORE_MENU), 20, 'Y', 'Y', 'Y', 'Y', 'N', 'N', 'N', 'N');
INSERT INTO BB_STORE_MENU(STORE_MENU_NUM, STORE_NUM, STORE_MENU_NOMAL, STORE_MENU_VEG, STORE_MENU_MINI, STORE_MENU_POTATO, STORE_MENU_ICE, STORE_MENU_CHEESE, STORE_MENU_PASTRY, STORE_MENU_OTHER) 
VALUES ((SELECT NVL(MAX(STORE_MENU_NUM)+1,1) FROM BB_STORE_MENU), 21, 'N', 'N', 'Y', 'Y', 'Y', 'Y', 'Y', 'Y');
INSERT INTO BB_STORE_MENU(STORE_MENU_NUM, STORE_NUM, STORE_MENU_NOMAL, STORE_MENU_VEG, STORE_MENU_MINI, STORE_MENU_POTATO, STORE_MENU_ICE, STORE_MENU_CHEESE, STORE_MENU_PASTRY, STORE_MENU_OTHER) 
VALUES ((SELECT NVL(MAX(STORE_MENU_NUM)+1,1) FROM BB_STORE_MENU), 22, 'Y', 'N', 'Y', 'N', 'Y', 'N', 'Y', 'N');
INSERT INTO BB_STORE_MENU(STORE_MENU_NUM, STORE_NUM, STORE_MENU_NOMAL, STORE_MENU_VEG, STORE_MENU_MINI, STORE_MENU_POTATO, STORE_MENU_ICE, STORE_MENU_CHEESE, STORE_MENU_PASTRY, STORE_MENU_OTHER) 
VALUES ((SELECT NVL(MAX(STORE_MENU_NUM)+1,1) FROM BB_STORE_MENU), 23, 'Y', 'Y', 'Y', 'Y', 'N', 'N', 'N', 'N');
INSERT INTO BB_STORE_MENU(STORE_MENU_NUM, STORE_NUM, STORE_MENU_NOMAL, STORE_MENU_VEG, STORE_MENU_MINI, STORE_MENU_POTATO, STORE_MENU_ICE, STORE_MENU_CHEESE, STORE_MENU_PASTRY, STORE_MENU_OTHER) 
VALUES ((SELECT NVL(MAX(STORE_MENU_NUM)+1,1) FROM BB_STORE_MENU), 24, 'Y', 'Y', 'Y', 'Y', 'Y', 'Y', 'Y', 'Y');

--STORE WORK
INSERT INTO BB_STORE_WORK(WORK_NUM, STORE_NUM, STORE_WORK_WEEK, STORE_WORK_OPEN, STORE_WORK_CLOSE) 
VALUES ((SELECT NVL(MAX(WORK_NUM)+1,1) FROM BB_STORE_WORK), '1', 'MON', TO_DATE('09:00:00', 'HH24:MI:SS'), TO_DATE('12:00:00', 'HH24:MI:SS'));
INSERT INTO BB_STORE_WORK(WORK_NUM, STORE_NUM, STORE_WORK_WEEK, STORE_WORK_OPEN, STORE_WORK_CLOSE) 
VALUES ((SELECT NVL(MAX(WORK_NUM)+1,1) FROM BB_STORE_WORK), '1', 'TUE', TO_DATE('09:00:00', 'HH24:MI:SS'), TO_DATE('12:00:00', 'HH24:MI:SS'));
INSERT INTO BB_STORE_WORK(WORK_NUM, STORE_NUM, STORE_WORK_WEEK, STORE_WORK_OPEN, STORE_WORK_CLOSE) 
VALUES ((SELECT NVL(MAX(WORK_NUM)+1,1) FROM BB_STORE_WORK), '1', 'WED', TO_DATE('09:00:00', 'HH24:MI:SS'), TO_DATE('12:00:00', 'HH24:MI:SS'));
INSERT INTO BB_STORE_WORK(WORK_NUM, STORE_NUM, STORE_WORK_WEEK, STORE_WORK_OPEN, STORE_WORK_CLOSE) 
VALUES ((SELECT NVL(MAX(WORK_NUM)+1,1) FROM BB_STORE_WORK), '1', 'THU', TO_DATE('09:00:00', 'HH24:MI:SS'), TO_DATE('12:00:00', 'HH24:MI:SS'));
INSERT INTO BB_STORE_WORK(WORK_NUM, STORE_NUM, STORE_WORK_WEEK, STORE_WORK_OPEN, STORE_WORK_CLOSE) 
VALUES ((SELECT NVL(MAX(WORK_NUM)+1,1) FROM BB_STORE_WORK), '1', 'FRI', TO_DATE('09:00:00', 'HH24:MI:SS'), TO_DATE('12:00:00', 'HH24:MI:SS'));
INSERT INTO BB_STORE_WORK(WORK_NUM, STORE_NUM, STORE_WORK_WEEK, STORE_WORK_OPEN, STORE_WORK_CLOSE) 
VALUES ((SELECT NVL(MAX(WORK_NUM)+1,1) FROM BB_STORE_WORK), '1', 'SAT', TO_DATE('10:00:00', 'HH24:MI:SS'), TO_DATE('19:00:00', 'HH24:MI:SS'));
INSERT INTO BB_STORE_WORK(WORK_NUM, STORE_NUM, STORE_WORK_WEEK, STORE_WORK_OPEN, STORE_WORK_CLOSE) 
VALUES ((SELECT NVL(MAX(WORK_NUM)+1,1) FROM BB_STORE_WORK), '1', 'SUN', TO_DATE('10:00:00', 'HH24:MI:SS'), TO_DATE('19:00:00', 'HH24:MI:SS'));

INSERT INTO BB_STORE_WORK(WORK_NUM, STORE_NUM, STORE_WORK_WEEK, STORE_WORK_OPEN, STORE_WORK_CLOSE) 
VALUES ((SELECT NVL(MAX(WORK_NUM)+1,1) FROM BB_STORE_WORK), '2', 'MON', TO_DATE('10:00:00', 'HH24:MI:SS'), TO_DATE('19:00:00', 'HH24:MI:SS'));
INSERT INTO BB_STORE_WORK(WORK_NUM, STORE_NUM, STORE_WORK_WEEK, STORE_WORK_OPEN, STORE_WORK_CLOSE) 
VALUES ((SELECT NVL(MAX(WORK_NUM)+1,1) FROM BB_STORE_WORK), '2', 'WED', TO_DATE('10:00:00', 'HH24:MI:SS'), TO_DATE('19:00:00', 'HH24:MI:SS'));
INSERT INTO BB_STORE_WORK(WORK_NUM, STORE_NUM, STORE_WORK_WEEK, STORE_WORK_OPEN, STORE_WORK_CLOSE) 
VALUES ((SELECT NVL(MAX(WORK_NUM)+1,1) FROM BB_STORE_WORK), '2', 'FRI', TO_DATE('10:00:00', 'HH24:MI:SS'), TO_DATE('19:00:00', 'HH24:MI:SS'));
INSERT INTO BB_STORE_WORK(WORK_NUM, STORE_NUM, STORE_WORK_WEEK, STORE_WORK_OPEN, STORE_WORK_CLOSE) 
VALUES ((SELECT NVL(MAX(WORK_NUM)+1,1) FROM BB_STORE_WORK), '2', 'SAT', TO_DATE('10:00:00', 'HH24:MI:SS'), TO_DATE('19:00:00', 'HH24:MI:SS'));
INSERT INTO BB_STORE_WORK(WORK_NUM, STORE_NUM, STORE_WORK_WEEK, STORE_WORK_OPEN, STORE_WORK_CLOSE) 
VALUES ((SELECT NVL(MAX(WORK_NUM)+1,1) FROM BB_STORE_WORK), '2', 'SUN', TO_DATE('10:00:00', 'HH24:MI:SS'), TO_DATE('19:00:00', 'HH24:MI:SS'));

INSERT INTO BB_STORE_WORK(WORK_NUM, STORE_NUM, STORE_WORK_WEEK, STORE_WORK_OPEN, STORE_WORK_CLOSE) 
VALUES ((SELECT NVL(MAX(WORK_NUM)+1,1) FROM BB_STORE_WORK), '3', 'TUE', TO_DATE('12:30:00', 'HH24:MI:SS'), TO_DATE('22:00:00', 'HH24:MI:SS'));
INSERT INTO BB_STORE_WORK(WORK_NUM, STORE_NUM, STORE_WORK_WEEK, STORE_WORK_OPEN, STORE_WORK_CLOSE) 
VALUES ((SELECT NVL(MAX(WORK_NUM)+1,1) FROM BB_STORE_WORK), '3', 'THU', TO_DATE('12:30:00', 'HH24:MI:SS'), TO_DATE('22:00:00', 'HH24:MI:SS'));
INSERT INTO BB_STORE_WORK(WORK_NUM, STORE_NUM, STORE_WORK_WEEK, STORE_WORK_OPEN, STORE_WORK_CLOSE) 
VALUES ((SELECT NVL(MAX(WORK_NUM)+1,1) FROM BB_STORE_WORK), '3', 'SAT', TO_DATE('12:30:00', 'HH24:MI:SS'), TO_DATE('22:00:00', 'HH24:MI:SS'));

INSERT INTO BB_STORE_WORK(WORK_NUM, STORE_NUM, STORE_WORK_WEEK, STORE_WORK_OPEN, STORE_WORK_CLOSE) 
VALUES ((SELECT NVL(MAX(WORK_NUM)+1,1) FROM BB_STORE_WORK), '4', 'MON', TO_DATE('09:00:00', 'HH24:MI:SS'), TO_DATE('18:00:00', 'HH24:MI:SS'));
INSERT INTO BB_STORE_WORK(WORK_NUM, STORE_NUM, STORE_WORK_WEEK, STORE_WORK_OPEN, STORE_WORK_CLOSE) 
VALUES ((SELECT NVL(MAX(WORK_NUM)+1,1) FROM BB_STORE_WORK), '4', 'WED', TO_DATE('09:00:00', 'HH24:MI:SS'), TO_DATE('18:00:00', 'HH24:MI:SS'));
INSERT INTO BB_STORE_WORK(WORK_NUM, STORE_NUM, STORE_WORK_WEEK, STORE_WORK_OPEN, STORE_WORK_CLOSE) 
VALUES ((SELECT NVL(MAX(WORK_NUM)+1,1) FROM BB_STORE_WORK), '4', 'FRI', TO_DATE('09:00:00', 'HH24:MI:SS'), TO_DATE('18:00:00', 'HH24:MI:SS'));
INSERT INTO BB_STORE_WORK(WORK_NUM, STORE_NUM, STORE_WORK_WEEK, STORE_WORK_OPEN, STORE_WORK_CLOSE) 
VALUES ((SELECT NVL(MAX(WORK_NUM)+1,1) FROM BB_STORE_WORK), '4', 'SUN', TO_DATE('09:00:00', 'HH24:MI:SS'), TO_DATE('18:00:00', 'HH24:MI:SS'));


INSERT INTO BB_STORE_WORK(WORK_NUM, STORE_NUM, STORE_WORK_WEEK, STORE_WORK_OPEN, STORE_WORK_CLOSE) 
VALUES ((SELECT NVL(MAX(WORK_NUM)+1,1) FROM BB_STORE_WORK), '5', 'TUE', TO_DATE('10:00:00', 'HH24:MI:SS'), TO_DATE('23:00:00', 'HH24:MI:SS'));
INSERT INTO BB_STORE_WORK(WORK_NUM, STORE_NUM, STORE_WORK_WEEK, STORE_WORK_OPEN, STORE_WORK_CLOSE) 
VALUES ((SELECT NVL(MAX(WORK_NUM)+1,1) FROM BB_STORE_WORK), '6', 'WED', TO_DATE('12:30:00', 'HH24:MI:SS'), TO_DATE('20:00:00', 'HH24:MI:SS'));
INSERT INTO BB_STORE_WORK(WORK_NUM, STORE_NUM, STORE_WORK_WEEK, STORE_WORK_OPEN, STORE_WORK_CLOSE) 
VALUES ((SELECT NVL(MAX(WORK_NUM)+1,1) FROM BB_STORE_WORK), '7', 'MON', TO_DATE('09:00:00', 'HH24:MI:SS'), TO_DATE('12:00:00', 'HH24:MI:SS'));
INSERT INTO BB_STORE_WORK(WORK_NUM, STORE_NUM, STORE_WORK_WEEK, STORE_WORK_OPEN, STORE_WORK_CLOSE) 
VALUES ((SELECT NVL(MAX(WORK_NUM)+1,1) FROM BB_STORE_WORK), '8', 'FRI', TO_DATE('10:00:00', 'HH24:MI:SS'), TO_DATE('19:00:00', 'HH24:MI:SS'));
INSERT INTO BB_STORE_WORK(WORK_NUM, STORE_NUM, STORE_WORK_WEEK, STORE_WORK_OPEN, STORE_WORK_CLOSE) 
VALUES ((SELECT NVL(MAX(WORK_NUM)+1,1) FROM BB_STORE_WORK), '9', 'SUN', TO_DATE('12:30:00', 'HH24:MI:SS'), TO_DATE('22:00:00', 'HH24:MI:SS'));
INSERT INTO BB_STORE_WORK(WORK_NUM, STORE_NUM, STORE_WORK_WEEK, STORE_WORK_OPEN, STORE_WORK_CLOSE) 
VALUES ((SELECT NVL(MAX(WORK_NUM)+1,1) FROM BB_STORE_WORK), '10', 'MON', TO_DATE('09:00:00', 'HH24:MI:SS'), TO_DATE('18:00:00', 'HH24:MI:SS'));
INSERT INTO BB_STORE_WORK(WORK_NUM, STORE_NUM, STORE_WORK_WEEK, STORE_WORK_OPEN, STORE_WORK_CLOSE) 
VALUES ((SELECT NVL(MAX(WORK_NUM)+1,1) FROM BB_STORE_WORK), '11', 'SAT', TO_DATE('10:00:00', 'HH24:MI:SS'), TO_DATE('23:00:00', 'HH24:MI:SS'));
INSERT INTO BB_STORE_WORK(WORK_NUM, STORE_NUM, STORE_WORK_WEEK, STORE_WORK_OPEN, STORE_WORK_CLOSE) 
VALUES ((SELECT NVL(MAX(WORK_NUM)+1,1) FROM BB_STORE_WORK), '12', 'SUN', TO_DATE('12:30:00', 'HH24:MI:SS'), TO_DATE('20:00:00', 'HH24:MI:SS'));
INSERT INTO BB_STORE_WORK(WORK_NUM, STORE_NUM, STORE_WORK_WEEK, STORE_WORK_OPEN, STORE_WORK_CLOSE) 
VALUES ((SELECT NVL(MAX(WORK_NUM)+1,1) FROM BB_STORE_WORK), '13', 'MON', TO_DATE('09:00:00', 'HH24:MI:SS'), TO_DATE('12:00:00', 'HH24:MI:SS'));
INSERT INTO BB_STORE_WORK(WORK_NUM, STORE_NUM, STORE_WORK_WEEK, STORE_WORK_OPEN, STORE_WORK_CLOSE) 
VALUES ((SELECT NVL(MAX(WORK_NUM)+1,1) FROM BB_STORE_WORK), '14', 'THU', TO_DATE('10:00:00', 'HH24:MI:SS'), TO_DATE('19:00:00', 'HH24:MI:SS'));
INSERT INTO BB_STORE_WORK(WORK_NUM, STORE_NUM, STORE_WORK_WEEK, STORE_WORK_OPEN, STORE_WORK_CLOSE) 
VALUES ((SELECT NVL(MAX(WORK_NUM)+1,1) FROM BB_STORE_WORK), '15', 'SUN', TO_DATE('12:30:00', 'HH24:MI:SS'), TO_DATE('22:00:00', 'HH24:MI:SS'));
INSERT INTO BB_STORE_WORK(WORK_NUM, STORE_NUM, STORE_WORK_WEEK, STORE_WORK_OPEN, STORE_WORK_CLOSE) 
VALUES ((SELECT NVL(MAX(WORK_NUM)+1,1) FROM BB_STORE_WORK), '16', 'MON', TO_DATE('09:00:00', 'HH24:MI:SS'), TO_DATE('18:00:00', 'HH24:MI:SS'));
INSERT INTO BB_STORE_WORK(WORK_NUM, STORE_NUM, STORE_WORK_WEEK, STORE_WORK_OPEN, STORE_WORK_CLOSE) 
VALUES ((SELECT NVL(MAX(WORK_NUM)+1,1) FROM BB_STORE_WORK), '17', 'THU', TO_DATE('10:00:00', 'HH24:MI:SS'), TO_DATE('23:00:00', 'HH24:MI:SS'));
INSERT INTO BB_STORE_WORK(WORK_NUM, STORE_NUM, STORE_WORK_WEEK, STORE_WORK_OPEN, STORE_WORK_CLOSE) 
VALUES ((SELECT NVL(MAX(WORK_NUM)+1,1) FROM BB_STORE_WORK), '18', 'SUN', TO_DATE('12:30:00', 'HH24:MI:SS'), TO_DATE('20:00:00', 'HH24:MI:SS'));
INSERT INTO BB_STORE_WORK(WORK_NUM, STORE_NUM, STORE_WORK_WEEK, STORE_WORK_OPEN, STORE_WORK_CLOSE) 
VALUES ((SELECT NVL(MAX(WORK_NUM)+1,1) FROM BB_STORE_WORK), '19', 'MON', TO_DATE('09:00:00', 'HH24:MI:SS'), TO_DATE('12:00:00', 'HH24:MI:SS'));
INSERT INTO BB_STORE_WORK(WORK_NUM, STORE_NUM, STORE_WORK_WEEK, STORE_WORK_OPEN, STORE_WORK_CLOSE) 
VALUES ((SELECT NVL(MAX(WORK_NUM)+1,1) FROM BB_STORE_WORK), '20', 'THU', TO_DATE('10:00:00', 'HH24:MI:SS'), TO_DATE('19:00:00', 'HH24:MI:SS'));
INSERT INTO BB_STORE_WORK(WORK_NUM, STORE_NUM, STORE_WORK_WEEK, STORE_WORK_OPEN, STORE_WORK_CLOSE) 
VALUES ((SELECT NVL(MAX(WORK_NUM)+1,1) FROM BB_STORE_WORK), '21', 'SUN', TO_DATE('12:30:00', 'HH24:MI:SS'), TO_DATE('22:00:00', 'HH24:MI:SS'));
INSERT INTO BB_STORE_WORK(WORK_NUM, STORE_NUM, STORE_WORK_WEEK, STORE_WORK_OPEN, STORE_WORK_CLOSE) 
VALUES ((SELECT NVL(MAX(WORK_NUM)+1,1) FROM BB_STORE_WORK), '22', 'MON', TO_DATE('09:00:00', 'HH24:MI:SS'), TO_DATE('18:00:00', 'HH24:MI:SS'));
INSERT INTO BB_STORE_WORK(WORK_NUM, STORE_NUM, STORE_WORK_WEEK, STORE_WORK_OPEN, STORE_WORK_CLOSE) 
VALUES ((SELECT NVL(MAX(WORK_NUM)+1,1) FROM BB_STORE_WORK), '23', 'THU', TO_DATE('10:00:00', 'HH24:MI:SS'), TO_DATE('23:00:00', 'HH24:MI:SS'));
INSERT INTO BB_STORE_WORK(WORK_NUM, STORE_NUM, STORE_WORK_WEEK, STORE_WORK_OPEN, STORE_WORK_CLOSE) 
VALUES ((SELECT NVL(MAX(WORK_NUM)+1,1) FROM BB_STORE_WORK), '24', 'SUN', TO_DATE('12:30:00', 'HH24:MI:SS'), TO_DATE('20:00:00', 'HH24:MI:SS'));
INSERT INTO BB_STORE_WORK(WORK_NUM, STORE_NUM, STORE_WORK_WEEK, STORE_WORK_OPEN, STORE_WORK_CLOSE) 
VALUES ((SELECT NVL(MAX(WORK_NUM)+1,1) FROM BB_STORE_WORK), '24', 'MON', TO_DATE('09:00:00', 'HH24:MI:SS'), TO_DATE('12:00:00', 'HH24:MI:SS'));




--BOARD DUMMY
--PRODUCT BOARD
INSERT INTO BB_BOARD (BOARD_NUM, BOARD_TITLE, BOARD_CONTENT)
VALUES (1, '붕어빵 모양 볼펜 설명', '붕어빵 모양의 독특한 볼펜입니다.');

INSERT INTO BB_BOARD (BOARD_NUM, BOARD_TITLE, BOARD_CONTENT)
VALUES (2, '붕어빵 연필 설명', '붕어빵 모양의 연필로 필기감을 느껴보세요.');

INSERT INTO BB_BOARD (BOARD_NUM, BOARD_TITLE, BOARD_CONTENT)
VALUES (3, '붕어빵 지우개 설명', '붕어빵 모양의 귀여운 지우개.');

INSERT INTO BB_BOARD (BOARD_NUM, BOARD_TITLE, BOARD_CONTENT)
VALUES (4, '붕어빵 메모지 설명', '붕어빵 모양의 메모지로 메모를 남기세요.');

INSERT INTO BB_BOARD (BOARD_NUM, BOARD_TITLE, BOARD_CONTENT)
VALUES (5, '붕어빵 스티커 설명', '다양한 붕어빵 모양의 스티커 세트.');

INSERT INTO BB_BOARD (BOARD_NUM, BOARD_TITLE, BOARD_CONTENT)
VALUES (6, '붕어빵 목걸이 설명', '붕어빵 모양의 목걸이, 액세서리로 매력적입니다.');

INSERT INTO BB_BOARD (BOARD_NUM, BOARD_TITLE, BOARD_CONTENT)
VALUES (7, '붕어빵 반지 설명', '붕어빵 모양의 반지, 손가락에 매력을 더하세요.');

INSERT INTO BB_BOARD (BOARD_NUM, BOARD_TITLE, BOARD_CONTENT)
VALUES (8, '붕어빵 팔찌 설명', '붕어빵 모양 팔찌, 손목에 포인트.');

INSERT INTO BB_BOARD (BOARD_NUM, BOARD_TITLE, BOARD_CONTENT)
VALUES (9, '붕어빵 귀걸이 설명', '붕어빵 모양 귀걸이로 스타일 업.');

INSERT INTO BB_BOARD (BOARD_NUM, BOARD_TITLE, BOARD_CONTENT)
VALUES (10, '붕어빵 헤어핀 설명', '귀여운 붕어빵 모양 헤어핀으로 헤어 스타일링.');

INSERT INTO BB_BOARD (BOARD_NUM, BOARD_TITLE, BOARD_CONTENT)
VALUES (11, '붕어빵 물병 설명', '붕어빵 모양 물병으로 음료를 담으세요.');

INSERT INTO BB_BOARD (BOARD_NUM, BOARD_TITLE, BOARD_CONTENT)
VALUES (12, '붕어빵 컵 설명', '붕어빵 모양의 컵으로 따뜻한 음료를 즐기세요.');

INSERT INTO BB_BOARD (BOARD_NUM, BOARD_TITLE, BOARD_CONTENT)
VALUES (13, '붕어빵 담요 설명', '붕어빵 모양 담요로 따뜻하게 몸을 감싸세요.');

INSERT INTO BB_BOARD (BOARD_NUM, BOARD_TITLE, BOARD_CONTENT)
VALUES (14, '붕어빵 냄비 받침 설명', '붕어빵 모양의 냄비 받침으로 주방을 꾸며보세요.');

INSERT INTO BB_BOARD (BOARD_NUM, BOARD_TITLE, BOARD_CONTENT)
VALUES (15, '붕어빵 수세미 설명', '붕어빵 모양의 귀여운 수세미.');

INSERT INTO BB_BOARD (BOARD_NUM, BOARD_TITLE, BOARD_CONTENT)
VALUES (16, '붕어빵 티셔츠 설명', '붕어빵 모양의 티셔츠로 스타일을 완성하세요.');

INSERT INTO BB_BOARD (BOARD_NUM, BOARD_TITLE, BOARD_CONTENT)
VALUES (17, '붕어빵 후드티 설명', '붕어빵 모양의 후드티, 편안한 착용감을 제공합니다.');

INSERT INTO BB_BOARD (BOARD_NUM, BOARD_TITLE, BOARD_CONTENT)
VALUES (18, '붕어빵 양말 설명', '붕어빵 모양 양말로 발을 따뜻하게.');

INSERT INTO BB_BOARD (BOARD_NUM, BOARD_TITLE, BOARD_CONTENT)
VALUES (19, '붕어빵 모자 설명', '붕어빵 모양의 귀여운 모자.');

INSERT INTO BB_BOARD (BOARD_NUM, BOARD_TITLE, BOARD_CONTENT)
VALUES (20, '붕어빵 파자마 세트 설명', '붕어빵 모양 파자마로 편안한 수면을.');

INSERT INTO BB_BOARD (BOARD_NUM, BOARD_TITLE, BOARD_CONTENT)
VALUES (21, '붕어빵 USB 설명', '붕어빵 모양의 USB로 데이터를 저장하세요.');

INSERT INTO BB_BOARD (BOARD_NUM, BOARD_TITLE, BOARD_CONTENT)
VALUES (22, '붕어빵 스마트폰 케이스 설명', '붕어빵 모양 스마트폰 케이스로 휴대폰을 보호하세요.');

INSERT INTO BB_BOARD (BOARD_NUM, BOARD_TITLE, BOARD_CONTENT)
VALUES (23, '붕어빵 마우스패드 설명', '붕어빵 모양 마우스패드로 데스크를 꾸며보세요.');

INSERT INTO BB_BOARD (BOARD_NUM, BOARD_TITLE, BOARD_CONTENT)
VALUES (24, '붕어빵 블루투스 스피커 설명', '붕어빵 모양 블루투스 스피커로 음악을 즐기세요.');

INSERT INTO BB_BOARD (BOARD_NUM, BOARD_TITLE, BOARD_CONTENT)
VALUES (25, '붕어빵 전원 어댑터 설명', '붕어빵 모양 전원 어댑터로 충전을 빠르게.');
--상품 쪽 보드 끝

-- NORMAL BOARD
-- 1. 게임 게시글
INSERT INTO BB_BOARD (BOARD_NUM, BOARD_TITLE, BOARD_CONTENT, MEMBER_NUM, CATEGORY_NUM)
VALUES (26, '요즘 핫한 RPG 게임 추천 좀 해주세요!', '요즘 다들 무슨 게임 하시나요? 특히 RPG 장르 쪽에서 재밌는 거 없을까요? 저는 최근에 예전 감성 살린 턴제 RPG 찾고 있는데, 다들 뭐가 좋다고 생각하시는지 궁금합니다. 제가 요즘 하는 건 고전 스타일의 픽셀 그래픽 게임인데, 스토리가 진짜 최고네요. 다들 해보셨나요? 추천 좀 해주세요!', 12, 1);
-- 2. IT 게시글
INSERT INTO BB_BOARD (BOARD_NUM, BOARD_TITLE, BOARD_CONTENT, MEMBER_NUM, CATEGORY_NUM)
VALUES (27, '요즘 AI 기술 발전 미쳤음 ㄷㄷ', 'AI가 요즘 진짜 엄청난 속도로 발전하는 거 같아요. 얼마 전에 뉴스에서 AI가 자율주행차 운전하는 영상 봤는데, 진짜 말도 안 되더라구요. 그동안 영화에서나 보던 게 현실로 다가오는 느낌이랄까? 혹시 AI 관련해서 재밌는 이야기나 경험 있으신 분 있나요? 같이 얘기해봐요!', 13, 1);
-- 3. 경제 게시글
INSERT INTO BB_BOARD (BOARD_NUM, BOARD_TITLE, BOARD_CONTENT, MEMBER_NUM, CATEGORY_NUM)
VALUES (28, '이번에 주식 폭락한 거 다들 아세요?', '진짜 이번 주식 폭락은 충격적이네요. 한순간에 마이너스 찍히는 거 보고 심장 멎는 줄 알았어요. 다들 이번에 투자하신 분들 피해 많이 보셨나요? 저는 간신히 손해 덜 봤는데, 이번 기회에 투자 포트폴리오 좀 재정비하려고요. 다들 어떤 종목 추천하시나요?', 14, 1);
-- 4. 맛집 게시글
INSERT INTO BB_BOARD (BOARD_NUM, BOARD_TITLE, BOARD_CONTENT, MEMBER_NUM, CATEGORY_NUM)
VALUES (29, '서울에서 붕어빵 진짜 맛있는 곳 찾았음!', '붕어빵 좋아하는 사람 없나요? 요즘 붕어빵 파는 곳도 별로 없고, 그냥 길거리에서 사 먹는 맛도 사라졌잖아요. 근데 얼마 전에 서울에서 진짜 맛있는 붕어빵 파는 곳 찾았어요! 팥이 완전 꽉 차있고 바삭바삭한 게 진짜 꿀맛임. 다음에 위치 공유할게요, 다들 기대하시길!', 18, 1);
-- 5. 게임 게시글
INSERT INTO BB_BOARD (BOARD_NUM, BOARD_TITLE, BOARD_CONTENT, MEMBER_NUM, CATEGORY_NUM)
VALUES (30, 'FPS 하다가 빡쳤는데, 다들 스트레스 어떻게 풀어요?', '요즘 FPS 게임 하다가 스트레스 쌓이는 거 장난 아니네요. 팀원들 덕분에 승리 놓치고, 매번 패배하는 느낌이라... 다들 이럴 때 어떻게 대처하시나요? 전 한동안 게임 끊어야 할 것 같긴 한데, 다시 손이 가네요. 스트레스 좀 풀 수 있는 방법 추천 부탁드립니다.', 12, 1);
-- 6. IT 게시글
INSERT INTO BB_BOARD (BOARD_NUM, BOARD_TITLE, BOARD_CONTENT, MEMBER_NUM, CATEGORY_NUM)
VALUES (31, '아이폰 새 모델 사야 할지 고민입니다', '아이폰 새 모델 나온 거 보고 마음이 흔들리는데... 가격이 너무 비싸서 고민되네요. 요즘 다들 새 아이폰 어떻다고 생각하시나요? 사는 게 좋을까요 아니면 그냥 기존 거 쓰는 게 나을까요? 카메라 성능은 확실히 좋아진 거 같은데, 배터리 성능도 좀 궁금하네요.', 13, 1);
-- 7. AI 게시글
INSERT INTO BB_BOARD (BOARD_NUM, BOARD_TITLE, BOARD_CONTENT, MEMBER_NUM, CATEGORY_NUM)
VALUES (32, 'AI가 글 쓰는 게 진짜 가능할까?', '요즘 AI로 글 쓰는 기술이 엄청 발전했다고 하던데, 진짜 인간처럼 자연스럽게 글 쓸 수 있을까요? 제가 봤을 땐 아직도 뭔가 어색한 느낌이 있긴 한데, 그래도 꽤나 그럴듯한 글을 쓰는 거 같아요. 다들 이거 사용해보신 적 있으신가요? 블로그 글 AI로 쓰는 거 어때요?', 12, 1);
-- 8. 뉴스 게시글
INSERT INTO BB_BOARD (BOARD_NUM, BOARD_TITLE, BOARD_CONTENT, MEMBER_NUM, CATEGORY_NUM)
VALUES (33, '요즘 뉴스 너무 암울한 거 같아요...', '뉴스만 보면 요즘 너무 부정적인 소식들밖에 없어서 기분이 꿀꿀하네요. 경제도 어렵고, 환경 문제도 그렇고... 다들 어떻게 이 상황에서 긍정적으로 살고 계신가요? 힘내고 싶을 때 보통 어떤 뉴스나 정보를 찾으시는지 궁금해요. 긍정 에너지 좀 나눠주세요 ㅠㅠ', 14, 1);
-- 9. 맛집 게시글
INSERT INTO BB_BOARD (BOARD_NUM, BOARD_TITLE, BOARD_CONTENT, MEMBER_NUM, CATEGORY_NUM)
VALUES (34, '부산에서 붕어빵 맛집 찾았습니다!', '부산 여행 중에 우연히 붕어빵 파는 곳을 발견했는데, 진짜 맛있더라구요. 팥도 넘치게 들어가 있고 겉은 바삭해서 최고였어요. 부산 여행 가시는 분들 있으면 꼭 가보세요! 위치 공유드리겠습니다. 그리고 부산에 또 맛집 있으면 추천해주세요.', 18, 1);
-- 10. 경제 게시글
INSERT INTO BB_BOARD (BOARD_NUM, BOARD_TITLE, BOARD_CONTENT, MEMBER_NUM, CATEGORY_NUM)
VALUES (35, '요즘 주식시장 너무 힘들어요...', '주식시장 진짜 왜 이러는 걸까요... 매일매일 하락만 해서 멘탈이 갈리고 있네요. 다들 이런 시장에서 어떻게 대응하고 계신가요? 장기적으로 버티는 게 답일까요, 아니면 지금 손절해야 할까요? 고수 분들 조언 좀 부탁드립니다.', 13, 1);
-- 11. 게임 게시글
INSERT INTO BB_BOARD (BOARD_NUM, BOARD_TITLE, BOARD_CONTENT, MEMBER_NUM, CATEGORY_NUM)
VALUES (36, '모바일 게임 추천 좀 해주세요', '모바일 게임 뭐 재미있는 거 없나요? 요즘 킬링타임용으로 뭐 할지 모르겠어요. 출퇴근 시간에 잠깐씩 할 수 있는 게임 추천 부탁드립니다. 광고 너무 많은 게임은 피하고 싶은데, 스토리 재미있는 게임이면 좋겠어요. RPG도 괜찮고 퍼즐도 좋아요.', 12, 1);
-- 12. 뉴스 게시글
INSERT INTO BB_BOARD (BOARD_NUM, BOARD_TITLE, BOARD_CONTENT, MEMBER_NUM, CATEGORY_NUM)
VALUES (37, '요즘 환경 문제 너무 심각한 것 같네요', '뉴스 보니까 환경오염 문제가 점점 심각해지고 있다고 하네요. 다들 환경 보호를 위해 어떤 것들을 실천하고 계신가요? 저는 요즘 일회용품 사용을 줄이려고 노력 중인데, 더 좋은 방법 있으면 공유 부탁드려요. 작은 실천들이 모여서 큰 변화를 만들 수 있다고 믿어요!', 14, 1);
-- 13. IT 게시글
INSERT INTO BB_BOARD (BOARD_NUM, BOARD_TITLE, BOARD_CONTENT, MEMBER_NUM, CATEGORY_NUM)
VALUES (38, '요즘 스마트폰 가격 너무 비싸지 않았나요?', '스마트폰 가격이 갈수록 오르는 거 같아요. 이번에 새로 나온 스마트폰도 가격이 엄청나더라고요. 성능은 좋아졌다고 해도 이 가격에 살만한 가치가 있는지 모르겠어요. 여러분은 어떻게 생각하시나요? 다들 새 스마트폰 살 계획 있으신가요?', 18, 1);
-- 14. 맛집 게시글
INSERT INTO BB_BOARD (BOARD_NUM, BOARD_TITLE, BOARD_CONTENT, MEMBER_NUM, CATEGORY_NUM)
VALUES (39, '다들 아시는 붕어빵 명소 있나요?', '붕어빵 파는 곳이 요즘 너무 드물어졌어요. 다들 아시는 붕어빵 명소 있으면 공유 좀 해주세요. 특히 팥이 꽉 차고 바삭하게 구워지는 곳이면 더 좋겠어요! 요즘 날씨도 추워져서 따뜻한 붕어빵 생각이 간절하네요.', 13, 1);
-- 15. 경제 게시글
INSERT INTO BB_BOARD (BOARD_NUM, BOARD_TITLE, BOARD_CONTENT, MEMBER_NUM, CATEGORY_NUM)
VALUES (40, '코인 시장 요즘 완전 폭망인가요?', '코인 투자하고 있는 사람들 요즘 힘들지 않나요? 저는 얼마 전에 코인 좀 사뒀다가 완전 폭락해서 손해가 어마어마합니다... 이거 다시 회복할 가능성 있을까요? 다들 어떻게 생각하시나요? 요즘 코인 시장 분석하시는 분들 있으시면 정보 좀 나눠주세요.', 12, 1);
-- 16. AI 게시글
INSERT INTO BB_BOARD (BOARD_NUM, BOARD_TITLE, BOARD_CONTENT, MEMBER_NUM, CATEGORY_NUM)
VALUES (41, 'AI가 그림 그리는 시대가 왔습니다!', '최근 AI가 그린 그림들을 봤는데, 진짜 퀄리티가 장난 아니네요. 특히 디지털 아트 쪽은 인간이랑 거의 차이 없는 거 같아요. 앞으로 예술가들의 일자리가 줄어들지 않을까 걱정도 되는데, 여러분은 어떻게 생각하시나요? AI가 예술 분야에 끼치는 영향에 대해 이야기 나눠봅시다!', 13, 1);
-- 17. 게임 게시글
INSERT INTO BB_BOARD (BOARD_NUM, BOARD_TITLE, BOARD_CONTENT, MEMBER_NUM, CATEGORY_NUM)
VALUES (42, '요즘 모바일 RPG 게임 뭐가 재밌나요?', '모바일 RPG 중에 스토리 괜찮고 퀘스트 많아서 오래 즐길 수 있는 게임 추천 좀 해주세요. 최근에 시작한 게임이 있는데, 몇 시간 하고 나니까 할 게 없어서 좀 지루하네요. 다들 재밌게 하고 있는 모바일 게임 있으면 공유 좀 해주세요!', 18, 1);
-- 18. 맛집 게시글
INSERT INTO BB_BOARD (BOARD_NUM, BOARD_TITLE, BOARD_CONTENT, MEMBER_NUM, CATEGORY_NUM)
VALUES (43, '홍대에 붕어빵 파는 곳 추천해드립니다!', '홍대 돌아다니다가 우연히 발견한 붕어빵 가게가 있는데, 진짜 맛있어요! 팥이 꽉 차서 한 입 먹으면 터질 것 같고, 겉은 바삭해서 식감도 최고입니다. 다들 홍대 가시면 꼭 가보세요. 위치 궁금하시면 댓글 달아주세요~', 14, 1);
-- 19. IT 게시글
INSERT INTO BB_BOARD (BOARD_NUM, BOARD_TITLE, BOARD_CONTENT, MEMBER_NUM, CATEGORY_NUM)
VALUES (44, '노트북 추천 부탁드립니다!', '노트북 새로 사려고 하는데, 요즘 뭐가 좋은지 모르겠네요. 가성비 좋은 제품으로 추천 부탁드려요! 주로 문서 작업이랑 유튜브 시청용으로 쓰려고 하는데, 너무 비싼 건 부담스럽고 적당한 가격대의 제품 있으면 추천 부탁드려요.', 12, 1);
-- 20. AI 게시글
INSERT INTO BB_BOARD (BOARD_NUM, BOARD_TITLE, BOARD_CONTENT, MEMBER_NUM, CATEGORY_NUM)
VALUES (45, 'AI로 소설 쓰는 프로그램 써보신 분 있나요?', '요즘 AI가 글을 잘 쓴다고 해서 한번 써볼까 하는데, 혹시 AI로 소설 쓰는 프로그램 사용해보신 분 계신가요? 글 쓰는 거 귀찮을 때 AI한테 맡기면 좋을 것 같아서 고민 중입니다. 어떤 프로그램이 좋고, 실제로 얼마나 도움이 되는지 궁금해요.', 13, 1);

--REQUEST BOARD (문의게시글)
INSERT INTO BB_BOARD (BOARD_NUM, BOARD_TITLE, BOARD_CONTENT, MEMBER_NUM, BOARD_WRITE_DAY, BOARD_OPEN, CATEGORY_NUM, STORE_NUM, BOARD_DELETE)
VALUES (46, '붕어빵 목걸이의 재질 문의', '붕어빵 목걸이의 재질이 궁금합니다. 오래 착용해도 변색이 없는지 알고 싶어요.', 6, SYSDATE, 'Y', 2, NULL, 'N');

INSERT INTO BB_BOARD (BOARD_NUM, BOARD_TITLE, BOARD_CONTENT, MEMBER_NUM, BOARD_WRITE_DAY, BOARD_OPEN, CATEGORY_NUM, STORE_NUM, BOARD_DELETE)
VALUES (47, '붕어빵 모양 반지 사이즈 문의', '제가 손가락이 얇은 편인데, 이 반지의 사이즈가 조절 가능한가요?', 7, SYSDATE, 'Y', 2, NULL, 'N');

INSERT INTO BB_BOARD (BOARD_NUM, BOARD_TITLE, BOARD_CONTENT, MEMBER_NUM, BOARD_WRITE_DAY, BOARD_OPEN, CATEGORY_NUM, STORE_NUM, BOARD_DELETE)
VALUES (48, '붕어빵 티셔츠 세탁법', '붕어빵 티셔츠를 세탁할 때 색상이 변하거나 프린트가 손상되지 않나요? 세탁기 사용이 가능한지 알고 싶습니다.', 8, SYSDATE, 'Y', 2, NULL, 'N');

INSERT INTO BB_BOARD (BOARD_NUM, BOARD_TITLE, BOARD_CONTENT, MEMBER_NUM, BOARD_WRITE_DAY, BOARD_OPEN, CATEGORY_NUM, STORE_NUM, BOARD_DELETE)
VALUES (49, '붕어빵 물병 내구성에 대해', '붕어빵 물병의 내구성이 궁금합니다. 몇 번 떨어뜨려도 깨지지 않는지 알고 싶어요.', 9, SYSDATE, 'Y', 2, NULL, 'N');

INSERT INTO BB_BOARD (BOARD_NUM, BOARD_TITLE, BOARD_CONTENT, MEMBER_NUM, BOARD_WRITE_DAY, BOARD_OPEN, CATEGORY_NUM, STORE_NUM, BOARD_DELETE)
VALUES (50, '붕어빵 USB 용량 문의', '이 USB의 기본 용량이 몇 GB인가요? 다양한 용량 옵션이 있는지도 궁금합니다.', 6, SYSDATE, 'Y', 2, NULL, 'N');

INSERT INTO BB_BOARD (BOARD_NUM, BOARD_TITLE, BOARD_CONTENT, MEMBER_NUM, BOARD_WRITE_DAY, BOARD_OPEN, CATEGORY_NUM, STORE_NUM, BOARD_DELETE)
VALUES (51, '붕어빵 스마트폰 케이스 호환 여부', '아이폰 14와도 호환이 되는지 알고 싶습니다. 혹시 추가로 호환되는 모델도 알려주시면 감사하겠습니다.', 7, SYSDATE, 'Y', 2, NULL, 'N');

INSERT INTO BB_BOARD (BOARD_NUM, BOARD_TITLE, BOARD_CONTENT, MEMBER_NUM, BOARD_WRITE_DAY, BOARD_OPEN, CATEGORY_NUM, STORE_NUM, BOARD_DELETE)
VALUES (52, '붕어빵 마우스패드 사이즈 문의', '이 마우스패드의 사이즈가 어떻게 되나요? 책상이 작은데 적합할지 궁금합니다.', 8, SYSDATE, 'Y', 2, NULL, 'N');

INSERT INTO BB_BOARD (BOARD_NUM, BOARD_TITLE, BOARD_CONTENT, MEMBER_NUM, BOARD_WRITE_DAY, BOARD_OPEN, CATEGORY_NUM, STORE_NUM, BOARD_DELETE)
VALUES (53, '붕어빵 귀걸이의 무게', '귀가 민감한데, 붕어빵 귀걸이가 너무 무겁지는 않은지 알고 싶습니다.', 9, SYSDATE, 'Y', 2, NULL, 'N');

INSERT INTO BB_BOARD (BOARD_NUM, BOARD_TITLE, BOARD_CONTENT, MEMBER_NUM, BOARD_WRITE_DAY, BOARD_OPEN, CATEGORY_NUM, STORE_NUM, BOARD_DELETE)
VALUES (54, '붕어빵 수세미 교체 주기', '붕어빵 수세미는 얼마나 자주 교체해야 하나요? 내구성이 어떤지 알고 싶습니다.', 6, SYSDATE, 'Y', 2, NULL, 'N');

INSERT INTO BB_BOARD (BOARD_NUM, BOARD_TITLE, BOARD_CONTENT, MEMBER_NUM, BOARD_WRITE_DAY, BOARD_OPEN, CATEGORY_NUM, STORE_NUM, BOARD_DELETE)
VALUES (55, '붕어빵 블루투스 스피커 충전 시간', '붕어빵 블루투스 스피커의 완충 시간과 사용 시간이 어떻게 되나요?', 7, SYSDATE, 'Y', 2, NULL, 'N');

INSERT INTO BB_BOARD (BOARD_NUM, BOARD_TITLE, BOARD_CONTENT, MEMBER_NUM, BOARD_WRITE_DAY, BOARD_OPEN, CATEGORY_NUM, STORE_NUM, BOARD_DELETE)
VALUES (56, '붕어빵 냄비 받침의 내열성', '이 냄비 받침이 어느 정도 온도까지 견딜 수 있나요? 끓는 물 주전자도 괜찮을지 궁금합니다.', 8, SYSDATE, 'Y', 2, NULL, 'N');

INSERT INTO BB_BOARD (BOARD_NUM, BOARD_TITLE, BOARD_CONTENT, MEMBER_NUM, BOARD_WRITE_DAY, BOARD_OPEN, CATEGORY_NUM, STORE_NUM, BOARD_DELETE)
VALUES (57, '붕어빵 파자마 세트 사이즈', '이 파자마 세트는 어떤 사이즈가 있나요? 저는 키가 큰 편이라 적합한 사이즈가 궁금합니다.', 9, SYSDATE, 'Y', 2, NULL, 'N');

INSERT INTO BB_BOARD (BOARD_NUM, BOARD_TITLE, BOARD_CONTENT, MEMBER_NUM, BOARD_WRITE_DAY, BOARD_OPEN, CATEGORY_NUM, STORE_NUM, BOARD_DELETE)
VALUES (58, '붕어빵 스티커의 접착력', '붕어빵 모양 스티커가 얼마나 잘 붙는지 궁금합니다. 물에 젖어도 괜찮을까요?', 6, SYSDATE, 'Y', 2, NULL, 'N');

INSERT INTO BB_BOARD (BOARD_NUM, BOARD_TITLE, BOARD_CONTENT, MEMBER_NUM, BOARD_WRITE_DAY, BOARD_OPEN, CATEGORY_NUM, STORE_NUM, BOARD_DELETE)
VALUES (59, '붕어빵 반지 디자인 변경 가능 여부', '반지의 디자인을 조금 변경해서 주문할 수 있는지 알고 싶습니다. 가능하다면 추가 비용이 발생하나요?', 7, SYSDATE, 'Y', 2, NULL, 'N');

INSERT INTO BB_BOARD (BOARD_NUM, BOARD_TITLE, BOARD_CONTENT, MEMBER_NUM, BOARD_WRITE_DAY, BOARD_OPEN, CATEGORY_NUM, STORE_NUM, BOARD_DELETE)
VALUES (60, '붕어빵 헤어핀의 색상 옵션', '이 헤어핀은 다른 색상으로도 구매 가능한가요? 현재는 한 가지 색상만 있는 것 같아서요.', 8, SYSDATE, 'Y', 2, NULL, 'N');

INSERT INTO BB_BOARD (BOARD_NUM, BOARD_TITLE, BOARD_CONTENT, MEMBER_NUM, BOARD_WRITE_DAY, BOARD_OPEN, CATEGORY_NUM, STORE_NUM, BOARD_DELETE)
VALUES (61, '붕어빵 양말의 두께 문의', '이 양말의 두께가 어느 정도인가요? 겨울에 착용해도 따뜻할지 궁금합니다.', 9, SYSDATE, 'Y', 2, NULL, 'N');

INSERT INTO BB_BOARD (BOARD_NUM, BOARD_TITLE, BOARD_CONTENT, MEMBER_NUM, BOARD_WRITE_DAY, BOARD_OPEN, CATEGORY_NUM, STORE_NUM, BOARD_DELETE)
VALUES (62, '붕어빵 티셔츠 사이즈 문의', '이 티셔츠의 사이즈가 여러 종류인가요? 남녀 공용으로 나온 제품인지 궁금합니다.', 6, SYSDATE, 'Y', 2, NULL, 'N');

INSERT INTO BB_BOARD (BOARD_NUM, BOARD_TITLE, BOARD_CONTENT, MEMBER_NUM, BOARD_WRITE_DAY, BOARD_OPEN, CATEGORY_NUM, STORE_NUM, BOARD_DELETE)
VALUES (63, '붕어빵 후드티는 언제 재입고되나요?', '현재 후드티가 품절 상태인데, 언제쯤 다시 입고될 예정인가요?', 7, SYSDATE, 'Y', 2, NULL, 'N');

INSERT INTO BB_BOARD (BOARD_NUM, BOARD_TITLE, BOARD_CONTENT, MEMBER_NUM, BOARD_WRITE_DAY, BOARD_OPEN, CATEGORY_NUM, STORE_NUM, BOARD_DELETE)
VALUES (64, '붕어빵 목걸이 세트는 없나요?', '목걸이와 팔찌 세트로 구매할 수 있는 상품이 있나요? 세트 할인도 있는지 궁금합니다.', 8, SYSDATE, 'Y', 2, NULL, 'N');

INSERT INTO BB_BOARD (BOARD_NUM, BOARD_TITLE, BOARD_CONTENT, MEMBER_NUM, BOARD_WRITE_DAY, BOARD_OPEN, CATEGORY_NUM, STORE_NUM, BOARD_DELETE)
VALUES (65, '붕어빵 담요의 세탁법 문의', '이 담요를 세탁기에 돌려도 괜찮을까요? 건조기 사용도 가능한지 궁금합니다.', 9, SYSDATE, 'Y', 2, NULL, 'N');



-- PRODUCT CATEGORY DUMMY
INSERT INTO BB_PRODUCT_CATEGORY (PRODUCT_CATEGORY_NUM, PRODUCT_CATEGORY_NAME)
VALUES (1, 'stationery');

INSERT INTO BB_PRODUCT_CATEGORY (PRODUCT_CATEGORY_NUM, PRODUCT_CATEGORY_NAME)
VALUES (2, 'accessory');

INSERT INTO BB_PRODUCT_CATEGORY (PRODUCT_CATEGORY_NUM, PRODUCT_CATEGORY_NAME)
VALUES (3, 'daily');

INSERT INTO BB_PRODUCT_CATEGORY (PRODUCT_CATEGORY_NUM, PRODUCT_CATEGORY_NAME)
VALUES (4, 'clothes');

INSERT INTO BB_PRODUCT_CATEGORY (PRODUCT_CATEGORY_NUM, PRODUCT_CATEGORY_NAME)
VALUES (5, 'electronics');



-- PRODUCT DUMMY
-- 문구
INSERT INTO BB_PRODUCT (PRODUCT_NUM, PRODUCT_NAME, BOARD_NUM, PRODUCT_PRICE, PRODUCT_PROFILE_WAY, PRODUCT_CATEGORY_NUM)
VALUES (40, '붕어빵 모양 볼펜', 1, 2000, 'stationery_fish_pen.png', 1);

INSERT INTO BB_PRODUCT (PRODUCT_NUM, PRODUCT_NAME, BOARD_NUM, PRODUCT_PRICE, PRODUCT_PROFILE_WAY, PRODUCT_CATEGORY_NUM)
VALUES (41, '붕어빵 연필', 2, 1000, 'stationery_fish_pencil.png', 1);

INSERT INTO BB_PRODUCT (PRODUCT_NUM, PRODUCT_NAME, BOARD_NUM, PRODUCT_PRICE, PRODUCT_PROFILE_WAY, PRODUCT_CATEGORY_NUM)
VALUES (42, '붕어빵 지우개', 3, 1500, 'stationery_fish_eraser.png', 1);

INSERT INTO BB_PRODUCT (PRODUCT_NUM, PRODUCT_NAME, BOARD_NUM, PRODUCT_PRICE, PRODUCT_PROFILE_WAY, PRODUCT_CATEGORY_NUM)
VALUES (43, '붕어빵 메모지', 4, 2500, 'stationery_fish_notepad.png', 1);

INSERT INTO BB_PRODUCT (PRODUCT_NUM, PRODUCT_NAME, BOARD_NUM, PRODUCT_PRICE, PRODUCT_PROFILE_WAY, PRODUCT_CATEGORY_NUM)
VALUES (44, '붕어빵 스티커', 5, 800, 'stationery_fish_sticker.png', 1);

-- 악세사리
INSERT INTO BB_PRODUCT (PRODUCT_NUM, PRODUCT_NAME, BOARD_NUM, PRODUCT_PRICE, PRODUCT_PROFILE_WAY, PRODUCT_CATEGORY_NUM)
VALUES (45, '붕어빵 목걸이', 6, 12000, 'accessory_fish_necklace.png', 2);

INSERT INTO BB_PRODUCT (PRODUCT_NUM, PRODUCT_NAME, BOARD_NUM, PRODUCT_PRICE, PRODUCT_PROFILE_WAY, PRODUCT_CATEGORY_NUM)
VALUES (46, '붕어빵 반지', 7, 10000, 'accessory_fish_ring.png', 2);

INSERT INTO BB_PRODUCT (PRODUCT_NUM, PRODUCT_NAME, BOARD_NUM, PRODUCT_PRICE, PRODUCT_PROFILE_WAY, PRODUCT_CATEGORY_NUM)
VALUES (47, '붕어빵 팔찌', 8, 9000, 'accessory_fish_bracelet.png', 2);

INSERT INTO BB_PRODUCT (PRODUCT_NUM, PRODUCT_NAME, BOARD_NUM, PRODUCT_PRICE, PRODUCT_PROFILE_WAY, PRODUCT_CATEGORY_NUM)
VALUES (48, '붕어빵 귀걸이', 9, 8000, 'accessory_fish_earring.png', 2);

INSERT INTO BB_PRODUCT (PRODUCT_NUM, PRODUCT_NAME, BOARD_NUM, PRODUCT_PRICE, PRODUCT_PROFILE_WAY, PRODUCT_CATEGORY_NUM)
VALUES (49, '붕어빵 헤어핀', 10, 5000, 'accessory_fish_hairpin.png', 2);

-- 생활용품
INSERT INTO BB_PRODUCT (PRODUCT_NUM, PRODUCT_NAME, BOARD_NUM, PRODUCT_PRICE, PRODUCT_PROFILE_WAY, PRODUCT_CATEGORY_NUM)
VALUES (50, '붕어빵 물병', 11, 7000, 'daily_fish_bottle.png', 3);

INSERT INTO BB_PRODUCT (PRODUCT_NUM, PRODUCT_NAME, BOARD_NUM, PRODUCT_PRICE, PRODUCT_PROFILE_WAY, PRODUCT_CATEGORY_NUM)
VALUES (51, '붕어빵 컵', 12, 5000, 'daily_fish_cup.png', 3);

INSERT INTO BB_PRODUCT (PRODUCT_NUM, PRODUCT_NAME, BOARD_NUM, PRODUCT_PRICE, PRODUCT_PROFILE_WAY, PRODUCT_CATEGORY_NUM)
VALUES (52, '붕어빵 담요', 13, 15000, 'daily_fish_blanket.png', 3);

INSERT INTO BB_PRODUCT (PRODUCT_NUM, PRODUCT_NAME, BOARD_NUM, PRODUCT_PRICE, PRODUCT_PROFILE_WAY, PRODUCT_CATEGORY_NUM)
VALUES (53, '붕어빵 냄비 받침', 14, 3000, 'daily_fish_trivet.png', 3);

INSERT INTO BB_PRODUCT (PRODUCT_NUM, PRODUCT_NAME, BOARD_NUM, PRODUCT_PRICE, PRODUCT_PROFILE_WAY, PRODUCT_CATEGORY_NUM)
VALUES (54, '붕어빵 수세미', 15, 2000, 'daily_fish_sponge.png', 3);

-- 의류
INSERT INTO BB_PRODUCT (PRODUCT_NUM, PRODUCT_NAME, BOARD_NUM, PRODUCT_PRICE, PRODUCT_PROFILE_WAY, PRODUCT_CATEGORY_NUM)
VALUES (55, '붕어빵 티셔츠', 16, 25000, 'clothes_fish_tshirt.png', 4);

INSERT INTO BB_PRODUCT (PRODUCT_NUM, PRODUCT_NAME, BOARD_NUM, PRODUCT_PRICE, PRODUCT_PROFILE_WAY, PRODUCT_CATEGORY_NUM)
VALUES (56, '붕어빵 후드티', 17, 30000, 'clothes_fish_hoodie.png', 4);

INSERT INTO BB_PRODUCT (PRODUCT_NUM, PRODUCT_NAME, BOARD_NUM, PRODUCT_PRICE, PRODUCT_PROFILE_WAY, PRODUCT_CATEGORY_NUM)
VALUES (57, '붕어빵 양말', 18, 10000, 'clothes_fish_socks.png', 4);

INSERT INTO BB_PRODUCT (PRODUCT_NUM, PRODUCT_NAME, BOARD_NUM, PRODUCT_PRICE, PRODUCT_PROFILE_WAY, PRODUCT_CATEGORY_NUM)
VALUES (58, '붕어빵 모자', 19, 15000, 'clothes_fish_hat.png', 4);

INSERT INTO BB_PRODUCT (PRODUCT_NUM, PRODUCT_NAME, BOARD_NUM, PRODUCT_PRICE, PRODUCT_PROFILE_WAY, PRODUCT_CATEGORY_NUM)
VALUES (59, '붕어빵 파자마 세트', 20, 35000, 'clothes_fish_pajamas.png', 4);

-- 전자기기 및 관련 제품
INSERT INTO BB_PRODUCT (PRODUCT_NUM, PRODUCT_NAME, BOARD_NUM, PRODUCT_PRICE, PRODUCT_PROFILE_WAY, PRODUCT_CATEGORY_NUM)
VALUES (60, '붕어빵 USB', 21, 12000, 'electronics_fish_usb.png', 5);

INSERT INTO BB_PRODUCT (PRODUCT_NUM, PRODUCT_NAME, BOARD_NUM, PRODUCT_PRICE, PRODUCT_PROFILE_WAY, PRODUCT_CATEGORY_NUM)
VALUES (61, '붕어빵 스마트폰 케이스', 22, 15000, 'electronics_fish_phonecase.png', 5);

INSERT INTO BB_PRODUCT (PRODUCT_NUM, PRODUCT_NAME, BOARD_NUM, PRODUCT_PRICE, PRODUCT_PROFILE_WAY, PRODUCT_CATEGORY_NUM)
VALUES (62, '붕어빵 마우스패드', 23, 7000, 'electronics_fish_mousepad.png', 5);

INSERT INTO BB_PRODUCT (PRODUCT_NUM, PRODUCT_NAME, BOARD_NUM, PRODUCT_PRICE, PRODUCT_PROFILE_WAY, PRODUCT_CATEGORY_NUM)
VALUES (63, '붕어빵 블루투스 스피커', 24, 35000, 'electronics_fish_speaker.png', 5);

INSERT INTO BB_PRODUCT (PRODUCT_NUM, PRODUCT_NAME, BOARD_NUM, PRODUCT_PRICE, PRODUCT_PROFILE_WAY, PRODUCT_CATEGORY_NUM)
VALUES (64, '붕어빵 전원 어댑터', 25, 10000, 'electronics_fish_adapter.png', 5);